heights_phobia,video_scr,video_hp,resp_arousal,resp_fear,resp_valence
1.0,0.14190062252297433,-0.18363263534176957,0.09109626298590653,0.49870343083490587,-0.3154614969473394
0.14190062252297433,0.9999999999999998,-0.1832351939243945,0.14232573526563025,0.025889156231446924,-0.05719481079437047
-0.18363263534176957,-0.1832351939243945,1.0000000000000002,0.040724429776181875,-0.15457893412431778,0.14146235963495582
0.09109626298590653,0.14232573526563025,0.040724429776181875,0.9999999999999999,0.37836770116789664,-0.09009437491546565
0.49870343083490587,0.025889156231446924,-0.15457893412431778,0.37836770116789664,1.0000000000000002,-0.6130203415732548
-0.3154614969473394,-0.05719481079437047,0.14146235963495582,-0.09009437491546565,-0.6130203415732548,1.0
